chemical_name,test_cas,test_id,result_id,endpoint,effect,effect_description,conc1_mean,conc1_unit,conc_conversion_flag,conc_conversion_value_multiplier,conc_conversion_unit,conc2_mean,conc2_unit,conc3_mean,conc3_unit,duration_mean,duration_unit,duration_units_to_keep,duration_value_multiplier_to_hours,study_duration_mean,study_duration_unit,obs_duration_mean,obs_duration_unit,organism_habitat,species_number,latin_name,common_name,kingdom,phylum_division,subphylum_div,superclass,class,tax_order,family,genus,species,subspecies,variety,species_present_in_bc,ecological_group,trophic_group,lifestage_description,simple_lifestage,media_type,media_description,media_type_group,present_in_bc_wqg,reference_number,reference_type,author,title,source,publication_year,additional_comments_tests,additional_comments_results,download_date,version
Nitric acid silver (1+) salt (1:1),7761888,1079013,1819,LC50,MOR,Mortality,NR,ug/L,TRUE,0.001,mg/L,,,,,96,h,TRUE,1,NC,NC,96,h,Water,731,Lipophrys pholis,Shanny,Animalia,Chordata,Vertebrata,Osteichthyes,Actinopterygii,Perciformes,Blenniidae,Lipophrys,pholis,,,FALSE,Other,Fish,Adult,adult,SW,Salt water,salt water,FALSE,6097,,"Amiard,J.C.","Experimental Study on the Acute Toxicity of Cobalt, Antimony, Strontium and Silver Salts in Some Crustacea and Their Larvae and Some Teleostei",Rev. Int. Oceanogr. Med.43:79-95,1976, , ,2023-03-30 15:20,ecotox_ascii_09_15_2022
"O,O-Diethyl O-[6-methyl-2-(1-methylethyl)-4-pyrimidinyl] ester phosphorothioic acid",333415,1151732,104579,LC50,MOR,Mortality,NR,ug/L,TRUE,0.001,mg/L,,,,,96,h,TRUE,1,NC,NC,96,h,Water,1,Pimephales promelas,Fathead Minnow,Animalia,Chordata,Vertebrata,Osteichthyes,Actinopterygii,Cypriniformes,Cyprinidae,Pimephales,promelas,,,TRUE,Other,Fish,Fingerling,juvenile,FW,Fresh water,fresh water,TRUE,13005,,"Posner,S., and S. Reimer",The Determination of TLM Values of Diazinon on Fingerling Fish,U.S.EPA-OPP Registration Standard:,1970, , ,2023-03-30 15:20,ecotox_ascii_09_15_2022
"1,1,2-Trichloroethene",79016,1180405,96318,LC50,MOR,Mortality,132000,ug/L,TRUE,0.001,mg/L,,,,,48,h,TRUE,1,NC,NC,48,h,Water,869,Tubificidae,Oligochaete Family,Animalia,Annelida,,,Oligochaeta,Haplotaxida,Tubificidae,,,,,FALSE,Other,Invertebrate,Not reported,adult,FW,Fresh water,fresh water,TRUE,15788,,"Slooff,W.",Benthic Macroinvertebrates and Water Quality Assessment: Some Toxicological Considerations,Aquat. Toxicol.4:73-82,1983, , ,2023-03-30 15:20,ecotox_ascii_09_15_2022
"N-[[(4-Chlorophenyl)amino]carbonyl]-2,6-difluorobenzamide",35367385,1184300,142557,NOEC,DVP,Development,0.7,ug/L,TRUE,0.001,mg/L,,,,,33,d,TRUE,24,NC,NC,33,d,Water,974,Insecta,Insect Class,Animalia,Arthropoda,Hexapoda,,Insecta,,,,,,,FALSE,Other,Invertebrate,Not reported,adult,FW,Fresh water,fresh water,FALSE,16329,,"Liber,K., S.L. O'Halloran, K.L. Schmude, and T.D. Corry",Effects of Diflubenzuron on Non-Target Invertebrates in Littoral Enclosures,Can. Tech. Rep. Fish. Aquat. Sci.1989:140-145,1994,HAB/POND//SUBSTR/NR//LOC/NR// , ,2023-03-30 15:20,ecotox_ascii_09_15_2022
"2-[(3,5,6-Trichloro-2-pyridinyl)oxy]acetic acid compd. with N,N-diethylethanamine (1:1)",57213691,1200760,250346,NOEC,POP,Population,NR,mg/L,TRUE,1,mg/L,,,,,2,yr,TRUE,8760,NC,NC,2,yr,Water,9958,Magnoliophyta,Angiosperm Division,Plantae,Magnoliophyta,,,,,,,,,,FALSE,NA,NA,Not reported,adult,FW,Fresh water,fresh water,FALSE,18241,,"Getsinger,K.D., E.G. Turner, J.D. Madsen, and M.D. Netherland",Restoring Native Vegetation in a Eurasian Water Milfoil-Dominated Plant Community Using the Herbicide Triclopyr,Regul. Rivers Res. Manag.13(4): 357-375,1997,HAB/RIVER COVE//SUBSTR/NR//LOC/PEND OREILLE R BETWEEN ALBENI FALLS DAM AND BOX CANYON DAM// ," CONTR/C,B//CONC/ONLY CONC TESTED//TESTID/10//MSMT/NR//DOSES/<0.01-3.55 MG/L//SOURCE/WLD//WTINT/NR//DNUM/2//SEX/NR//TMETH/NR//STYPE/NR//ETIME/2 YR//SAMPN/NR//WTAT/NR//INTAKE/NR//COMPEP/NR//LD/NR//DW/NR//STST/NR//HMA/NR//NA/NR//CL/NR//DIC/NR//CA/NR//POT/NR//MG/NR//SO4/NR//SULF/NR//",2023-03-30 15:20,ecotox_ascii_09_15_2022
4-Chloro-alpha-(1-methylethyl)benzeneacetic acid cyano(3-phenoxyphenyl)methyl ester,51630581,1259662,709819,LOEL,POP,Population,0.1,ug/L,TRUE,0.001,mg/L,,,,,1,wk,TRUE,168,NC,NC,1,wk,Water,880,Arthropoda,Arthropod Phylum,Animalia,Arthropoda,,,,,,,,,,FALSE,NA,NA,Not reported,adult,SW,Salt water,salt water,FALSE,4474,,"Tagatz,M.E., and J.M. Ivey",Effects of Fenvalerate on Field- and Laboratory-Developed Estuarine Benthic Communities,Bull. Environ. Contam. Toxicol.27(2): 256-267,1981, ," CHAR/TRIETHYLENE GLYCOL, 15% ACETONE//LIFESTG/SIEVE,6 TAXA//DNUM/4//DOSES/0.1/1.0/10.0 ug/L//TESTID/2//",2023-03-30 15:20,ecotox_ascii_09_15_2022
4-Chlorophenol,106489,1001568,113352,EC50,REP,Reproduction,2000,ug/L,TRUE,0.001,mg/L,,,,,NR,d,TRUE,24,NC,NC,NR,d,Water,2371,Ceriodaphnia dubia,Water Flea,Animalia,Arthropoda,Crustacea,,Branchiopoda,Diplostraca,Daphniidae,Ceriodaphnia,dubia,,,FALSE,Planktonic Invertebrate,Invertebrate,Neonate,els,FW,Fresh water,fresh water,TRUE,212,,"Cowgill,U.M., and D.P. Milazzo",The Sensitivity of Ceriodaphnia dubia and Daphnia magna to Seven Chemicals Utilizing the Three-Brood Test,Arch. Environ. Contam. Toxicol.20(2): 211-217,1991, , EFCT/PROGENY// ,2023-03-30 15:20,ecotox_ascii_09_15_2022
"6-Chloro-N-(1-methylethyl)-1,3,5-triazine-2,4-diamine",6190654,1139965,118068,EC50,GRO,Growth,8500,ug/L,TRUE,0.001,mg/L,,,,,NR,d,TRUE,24,NC,NC,NR,d,Water,979,Anabaena cylindrica,Blue-Green Algae,Monera,Cyanophycota,,,Cyanophyceae,Nostocales,Nostocaceae,Anabaena,cylindrica,,,FALSE,Other,Algae,Not reported,adult,FW,Fresh water,fresh water,FALSE,11659,,"Stratton,G.W.","Effects of the Herbicide Atrazine and Its Degradation Products, Alone and in Combination, on Phototrophic Microorganisms",Arch. Environ. Contam. Toxicol.13(1): 35-42,1984, , EFCT/GRO YIELD// ,2023-03-30 15:20,ecotox_ascii_09_15_2022
"2-[(Dimethoxyphosphinothioyl)thio]butanedioic acid 1,4-diethyl ester",121755,2082099,2149390,NOEC,IMM,Immunological,0.04,ppm,TRUE,1,ppm,,,,,NA,NA,FALSE,NA,NA,lva,NA,lva,Water,1770,Aedes albopictus,Asian Tiger Mosquito,Animalia,Arthropoda,Hexapoda,,Insecta,Diptera,Culicidae,Aedes,albopictus,,,FALSE,Other,Invertebrate,Instar,NA,FW,Fresh water,fresh water,TRUE,162482,,"Muturi,E.J., K. Costanzo, B. Kesavaraju, and B.W. Alto",Can Pesticides and Larval Competition Alter Susceptibility of Aedes Mosquitoes (Diptera: Culicidae) to Arbovirus Infection?,J. Med. Entomol.48(2): 429-436,2011, ,CONC1/ONLY CONC TESTED// ,2023-03-30 15:20,ecotox_ascii_09_15_2022
"1,3,4,6,7,8-Hexahydro-4,6,6,7,8,8-hexamethylcyclopenta[g]-2-benzopyran",1222055,2201619,2405020,NOEL,ACC,Accumulation,NR,ng/g wet wt diet,NA,NA,NA,,,,,NA,NA,FALSE,NA,NA,mmph,NA,mmph,Water,206,Xenopus laevis,African Clawed Frog,Animalia,Chordata,Vertebrata,,Amphibia,Anura,Pipidae,Xenopus,laevis,,,FALSE,Other,Amphibian,Larva,els,FW,Fresh water,fresh water,FALSE,175021,,"Pablos,M.V., M.A. Jimenez, L.S. Segundo, F. Martini, E. Beltran, and C. Fernandez",Effects of Dietary Exposure of Polycyclic Musk HHCB on the Metamorphosis of Xenopus laevis,Environ. Toxicol. Chem.35(6): 1428-1435,2016,SOURCE/CAME FROM IN HOUSE BREEDING ADULT ANIMALS IN LABORATORY// , ,2023-03-30 15:20,ecotox_ascii_09_15_2022
"(2E,4E,7S)-11-Methoxy-3,7,11-trimethyl-2,4-dodecadienoic acid 1-methylethyl ester",65733166,1255675,704933,LOEL,FDB,Feeding behavior,0.12,AI ppb,TRUE,0.001,ppm,,,,,,em,FALSE,NA,NC,NC,,em,Water,17074,Aedes vigilax,Mosquito,Animalia,Arthropoda,Hexapoda,,Insecta,Diptera,Culicidae,Aedes,vigilax,,,FALSE,Other,Invertebrate,Larva,els,FW,Fresh water,fresh water,FALSE,60869,,"Ritchie,S.A., M. Asnicar, and B.H. Kay",Acute and Sublethal Effects of (S)-Methoprene on Some Australian Mosquitoes,Am. Mosq. Control Assoc. J.13(2): 153-155,1997, , CHAR/LARVICIDE (ALL)//TIME/4 DAYS AFTER EMERGENCE//DNUM/2//DOSES/0.12 AI ppb//,2023-03-30 15:20,ecotox_ascii_09_15_2022
4-Nitrophenol,100027,1061850,136306,LOEC,HIS,Histology,100,ug/L,TRUE,0.001,mg/L,,,,,NR,NR,FALSE,NA,NC,NC,NR,NR,Water,5156,Danio rerio,Zebra Danio,Animalia,Chordata,Vertebrata,Osteichthyes,Actinopterygii,Cypriniformes,Cyprinidae,Danio,rerio,,,FALSE,Other,Fish,Adult,adult,FW,Fresh water,fresh water,FALSE,4999,,"Nagel,R.",Toxicity of Pesticides to Aquatic Vertebrates Illustrated by the Example of the Fish,"In: H.Becker and R.Heitefuss (Eds.), Determination of Herbicides in Aquatic Ecosystems, Johannes Gutenburg-Univ.Mainz, Saarstr., Mainz:88-104",1992, , ,2023-03-30 15:20,ecotox_ascii_09_15_2022
4-Nitro-3-(trifluoromethyl)phenol,88302,1030107,11276,LC50,MOR,Mortality,1.98,ul/L,NA,NA,NA,,,,,96,h,TRUE,1,NC,NC,96,h,Water,21,Cyprinus carpio,Common Carp,Animalia,Chordata,Vertebrata,Osteichthyes,Actinopterygii,Cypriniformes,Cyprinidae,Cyprinus,carpio,,,TRUE,Other,Fish,Fingerling,juvenile,FW,Fresh water,fresh water,FALSE,997,,"Marking,L.L., and L.E. Olson",Toxicity of the Lampricide 3-Trifluoromethyl-4-Nitrophenol (TFM) to Nontarget Fish in Static Tests,"Invest.Fish Control No.60, Fish Wildl.Serv., Bur.Sport Fish.Wildl., USDI, Washington, DC:27 p.",1975, , ,2023-03-30 15:20,ecotox_ascii_09_15_2022
Cadmium chloride (CdCl2),10108642,2034282,2055572,LC50,MOR,Mortality,NR,NR,FALSE,NA,NA,47.7,ug/L,,,48,h,TRUE,1,48,h,48,h,Water,1,Pimephales promelas,Fathead Minnow,Animalia,Chordata,Vertebrata,Osteichthyes,Actinopterygii,Cypriniformes,Cyprinidae,Pimephales,promelas,,,TRUE,Other,Fish,Larva,els,FW,Fresh water,fresh water,FALSE,157749,,"Robison,A.L.",Influence of Predation-Based Chemical Cues on Contaminant Sensitivity in Fathead Minnows (Pimephales promelas) and Daphnia pulex,"M.S Thesis, Oklahoma State University, OK:52 p.",2011, , ,2023-03-30 15:20,ecotox_ascii_09_15_2022
Iron chloride,12040572,1002059,9529,LC50,MOR,Mortality,99400*,ug/L,TRUE,0.001,mg/L,,,,,24,h,TRUE,1,NC,NC,24,h,Water,3060,Tridentiger trigonocephalus,Chameleon Goby,Animalia,Chordata,Vertebrata,Osteichthyes,Actinopterygii,Perciformes,Gobiidae,Tridentiger,trigonocephalus,,,FALSE,Other,Fish,Not reported,adult,SW,Salt water,salt water,FALSE,287,,"Kanda,T., H. Murata, and A. Kuroki","Toxicity of Removal Agents of Red Tide Plankton to the Fishes - with Special Reference to the Toxicity of Hydrogen Peroxide, Iron Sulfate (II) and",Suisan Zoshoku37(3): 221-224,1989, , ,2023-03-30 15:20,ecotox_ascii_09_15_2022
4-Aminobenzoic acid ethyl ester,94097,1001197,112575,LC50,MOR,Mortality,30400,ug/L,TRUE,0.001,mg/L,,,,,3,h,TRUE,1,NC,NC,3,h,Water,4,Oncorhynchus mykiss,Rainbow Trout,Animalia,Chordata,Vertebrata,Osteichthyes,Actinopterygii,Salmoniformes,Salmonidae,Oncorhynchus,mykiss,,,TRUE,Salmonid,Fish,Not reported,adult,FW,Fresh water,fresh water,FALSE,182,,"Bills,T.D., G.E. Howe, and L.L. Marking","Effects of Water Temperature, Hardness, and pH on the Toxicity of Benzocaine to Eleven Freshwater Fishes","Invest.Fish Control No.102, Fish Wildl.Serv., Bur.Sport Fish.Wildl., U.S.D.I., Washington, DC:6 p.",1990, , ,2023-03-30 15:20,ecotox_ascii_09_15_2022
"Arsenic acid (H3AsO4), Disodium salt",7778430,1334353,794566,LOEC,FDB,Feeding behavior,NR,mg/kg bdwt/d,NA,NA,NA,,,,,12,wk,TRUE,168,NC,NC,12,wk,Water,4,Oncorhynchus mykiss,Rainbow Trout,Animalia,Chordata,Vertebrata,Osteichthyes,Actinopterygii,Salmoniformes,Salmonidae,Oncorhynchus,mykiss,,,TRUE,Salmonid,Fish,Juvenile,juvenile,FW,Fresh water,fresh water,FALSE,5067,,"Cockell,K.A., J.W. Hilton, and W.J. Bettger",Chronic Toxicity of Dietary Disodium Arsenate Heptahydrate to Juvenile Rainbow Trout (Oncorhynchus mykiss),Arch. Environ. Contam. Toxicol.21:518-527,1991, , DNUM/6//DOSES/0.048 to 0.062/0.102 to 0.133/0.213 to 0.281/0.642 to 0.855/1.260 to 1.600 mg/kg bdwt/d//TESTID/4//,2023-03-30 15:20,ecotox_ascii_09_15_2022
Zinc chloride (ZnCl2),7646857,1265323,716617,NOEL,GEN,Genetics,930,ug/L,TRUE,0.001,mg/L,,,,,14,d,TRUE,24,NC,NC,14,d,Water,4,Oncorhynchus mykiss,Rainbow Trout,Animalia,Chordata,Vertebrata,Osteichthyes,Actinopterygii,Salmoniformes,Salmonidae,Oncorhynchus,mykiss,,,TRUE,Salmonid,Fish,Juvenile,juvenile,FW,Fresh water,fresh water,FALSE,65940,,"Lange,A., O. Ausseil, and H. Segner",Alterations of Tissue Glutathione Levels and Metallothionein mRNA in Rainbow Trout During Single and Combined Exposure to Cadmium and Zinc,Comp. Biochem. Physiol. C Comp. Pharmacol. Toxicol.131(3): 231-243,2002, ," DNUM/3//DOSES/170/930 ug/L//TESTID/1//OEF/MIXTURE, GENETIC PCR AMPLIFICATION////",2023-03-30 15:20,ecotox_ascii_09_15_2022
"2-(4-Chlorophenoxy)-2-methylpropanoic acid, Ethyl ester",637070,2246403,2535987,NOEC,BCM,Biochemistry,15,ug/L,TRUE,0.001,mg/L,,,,,28,d,TRUE,24,28,d,28,d,Water,49,Salmo trutta,Brown Trout,Animalia,Chordata,Vertebrata,Osteichthyes,Actinopterygii,Salmoniformes,Salmonidae,Salmo,trutta,,,TRUE,Salmonid,Fish,Juvenile,juvenile,NR,Not reported,not reported,FALSE,181955,,"Madureira,T.V., F. Malhao, T. Simoes, I. Pinheiro, C. Lopes, J.F. Goncalves, R. Urbatzka, L.F.C. Castro, M.F.L. Lemos, ","Sex-Steroids and Hypolipidemic Chemicals Impacts on Brown Trout Lipid and Peroxisome Signaling - Molecular, Biochemical and Morphological Insights",Comp. Biochem. Physiol. C Toxicol. Pharmacol.212:1-17,2018,"SOURCE/TORNO STATION, AMARANTE, PORTUGAL//MEDIA/FW// NR",CONC1/ONLY CONC TESTED// ,2023-03-30 15:20,ecotox_ascii_09_15_2022
"Sulfuric acid, Cadmium salt (1:1)",10124364,2182351,2361947,LOEC,CEL,Cell(s),2,mg/L,TRUE,1,mg/L,,,,,1,wk,TRUE,168,1,wk,1,wk,Water,4,Oncorhynchus mykiss,Rainbow Trout,Animalia,Chordata,Vertebrata,Osteichthyes,Actinopterygii,Salmoniformes,Salmonidae,Oncorhynchus,mykiss,,,TRUE,Salmonid,Fish,Not reported,adult,FW,Fresh water,fresh water,FALSE,119185,,"Orun,I., and Z.S. Talas","Antioxidative Role of Sodium Selenite Against the Toxic Effect of Heavy Metals (Cd+2, Cr+3) on Some Biochemical and Hematological Parameters in the Blood of Rainbow Trout (Oncorhynchus mykiss Walbaum, 1792)",Fresenius Environ. Bull.17(9a): 1242-1246,2008,"SOURCE/KARAKAYA DAM LAKE RAINBOW TROUT CAGE CULTIVATING FARM, MALATYA, TURKEY// ",CONC1/ONLY CONC TESTED// ,2023-03-30 15:20,ecotox_ascii_09_15_2022
Cyanamide,420042,2071140,2128142,NOEC,NER,Unspecified,0.507,ppm,TRUE,1,ppm,,,,,96,d,TRUE,24,NC,NC,96,d,Water,4,Oncorhynchus mykiss,Rainbow Trout,Animalia,Chordata,Vertebrata,Osteichthyes,Actinopterygii,Salmoniformes,Salmonidae,Oncorhynchus,mykiss,,,TRUE,Salmonid,Fish,Not coded,adult,NC,Not coded,not reported,FALSE,344,OPP,U.S. Environmental Protection Agency,Pesticide Ecotoxicity Database (Formerly: Environmental Effects Database (EEDB)),"Environmental Fate and Effects Division, U.S.EPA, Washington, D.C.:",1992,CONTR/STD METHODS USED// , ,2023-03-30 15:20,ecotox_ascii_09_15_2022
Sulfuric acid monododecyl ester sodium salt (1:1),151213,1251663,251395,NOEC,BCM,Biochemistry,0.15,mg/L,TRUE,1,mg/L,,,,,10,d,TRUE,24,NC,NC,10,d,Water,4,Oncorhynchus mykiss,Rainbow Trout,Animalia,Chordata,Vertebrata,Osteichthyes,Actinopterygii,Salmoniformes,Salmonidae,Oncorhynchus,mykiss,,,TRUE,Salmonid,Fish,Juvenile,juvenile,FW,Fresh water,fresh water,FALSE,96309,,"Smith,C.J., B.J. Shaw, and R.D. Handy","Toxicity of Single Walled Carbon Nanotubes to Rainbow Trout, (Oncorhynchus mykiss):  Respiratory Toxicity, Organ Pathologies, and Other Physiological Effects",Aquat. Toxicol.82(2): 94-109,2007, ," CONC/ONLY CONC TESTED//CONTR/B,C//TESTID/2//DOSES/0.15 MG/L//MSMT/NR//SOURCE/COM//WTINT/30.0 G//DNUM/2//SEX/B//TMETH/NR//STYPE/NR//ETIME/10 D//AP RATE/NR//SAMPN/5-7 OR//WTAT/NR//INTAKE/NR//COMPEP/NR//LD/NR//DW/NR//STST/NR//HMA/NR//NA/0.3* MMOL/L//CL/NR//DIC/NR//CA/0.4 MMOL/L//POT/0.1 MMOL/L//MG/NR//SO4/NR//SULF/NR//",2023-03-30 15:20,ecotox_ascii_09_15_2022
N-[[(Methylamino)carbonyl]oxy]ethanimidothioic acid methyl ester,16752775,2062753,2112066,LC50,MOR,Mortality,1.75,ppm,TRUE,1,ppm,,,,,96,h,TRUE,1,NC,NC,96,h,Water,2,Lepomis macrochirus,Bluegill,Animalia,Chordata,Vertebrata,Osteichthyes,Actinopterygii,Perciformes,Centrarchidae,Lepomis,macrochirus,,,TRUE,Other,Fish,Not coded,adult,FW,Fresh water,fresh water,FALSE,344,OPP,U.S. Environmental Protection Agency,Pesticide Ecotoxicity Database (Formerly: Environmental Effects Database (EEDB)),"Environmental Fate and Effects Division, U.S.EPA, Washington, D.C.:",1992,CONTR/STD METHODS USED// , ,2023-03-30 15:20,ecotox_ascii_09_15_2022
4-Chlorobenzenamine,106478,2198110,2398871,NOEC,CEL,Cell(s),1,mg/L,TRUE,1,mg/L,,,,,24,h,TRUE,1,24,h,24,h,Water,4,Oncorhynchus mykiss,Rainbow Trout,Animalia,Chordata,Vertebrata,Osteichthyes,Actinopterygii,Salmoniformes,Salmonidae,Oncorhynchus,mykiss,,,TRUE,Salmonid,Fish,Not intact,adult,SW,Salt water,salt water,FALSE,175400,,"Zahn,T., C. Hauck, and T. Braunbeck",Cytological Alterations in Fish Fibrocytic R1 Cells as an Alternative Test System for the Detection of Sublethal Effects of Environmental Pollutants: A Case-Study with 4-Chloroaniline,"In: T.Braunbeck, and W.Hanke, and H.Segner (Eds.), Fish Ecotoxicology and Ecophysiology VCH Weinheim:103-126",1993, , ,2023-03-30 15:20,ecotox_ascii_09_15_2022
4-[2-Hydroxy-3-[(1-methylethyl)amino]propoxy]benzeneacetamide,29122687,2202068,2405927,LOEC,CEL,Cell(s),10,mg/L,TRUE,1,mg/L,,,,,96,h,TRUE,1,96,h,24,h,Water,218,Dreissena polymorpha,Zebra Mussel,Animalia,Mollusca,,,Bivalvia,Veneroida,Dreissenidae,Dreissena,polymorpha,,,FALSE,Other,Invertebrate,Not intact,adult,FW,Fresh water,fresh water,FALSE,175756,,"Parolini,M., B. Quinn, A. Binelli, and A. Provini","Cytotoxicity Assessment of Four Pharmaceutical Compounds on the Zebra Mussel (Dreissena polymorpha) Haemocytes, Gill and Digestive Gland Primary Cell Cultures",Chemosphere84(1): 91-100,2011,"SOURCE/LOUGH REE, COUNTY WESTMEATH, IRELAND//CONTR/B,V//TMETH/CAO ET AL, 2006, QUINN, 2009// ",EFCT%/FROM GRAPH// ,2023-03-30 15:20,ecotox_ascii_09_15_2022
Trichloromethane,67663,1065317,5237,LC50,MOR,Mortality,18300,ug/L,TRUE,0.001,mg/L,,,,,96,h,TRUE,1,NC,NC,96,h,Water,2,Lepomis macrochirus,Bluegill,Animalia,Chordata,Vertebrata,Osteichthyes,Actinopterygii,Perciformes,Centrarchidae,Lepomis,macrochirus,,,TRUE,Other,Fish,Not reported,adult,FW,Fresh water,fresh water,TRUE,5267,,"Anderson,D.R., and E.B. Lusty","Acute Toxicity and Bioaccumulation of Chloroform to Four Species of Freshwater Fish: Salmo gairdneri, Rainbow Trout, Lepomis macrochirus, Bluegill","Report No.CR-0893, U.S.Nuclear Reg.Comm., Washington, DC:33 p.",1980, , ,2023-03-30 15:20,ecotox_ascii_09_15_2022
Elemental phosphorus,7723140,1077063,7692,LC50,MOR,Mortality,560,ug/L,TRUE,0.001,mg/L,,,,,96,h,TRUE,1,NC,NC,96,h,Water,1,Pimephales promelas,Fathead Minnow,Animalia,Chordata,Vertebrata,Osteichthyes,Actinopterygii,Cypriniformes,Cyprinidae,Pimephales,promelas,,,TRUE,Other,Fish,Egg,els,FW,Fresh water,fresh water,TRUE,5964,,"Bentley,R.E., J.W. Dean, T.A. Hollister, G.A. LeBlanc, S. Sauter, B.H. Sleight III, and W.G. Wilson",Laboratory Evaluation of the Toxicity of Elemental Phosphorus (P4) to Aquatic Organisms,"U.S.Army Med.Res.Dev.Command, Washington, D.C.:105 p.",1978, , CONC/BASED ON NOMINAL CONC// ,2023-03-30 15:20,ecotox_ascii_09_15_2022
"6,7-Dihydrodipyrido[1,2-a:2',1'-c]pyrazinediium bromide (1:2)",85007,1292829,747735,LOEL,POP,Population,NR,AI mg/L,TRUE,1,mg/L,,,,,3,wk,TRUE,168,NC,NC,3,wk,Water,909,Elodea canadensis,Waterweed,Plantae,Magnoliophyta,,,Liliopsida,Hydrocharitales,Hydrocharitaceae,Elodea,canadensis,,,TRUE,Other,Plant,Not reported,adult,FW,Fresh water,fresh water,FALSE,111858,,"Glomskt,L.A.M., J.G. Skogerboe, and K.D. Getsinger",Comparative Efficacy of Diquat for Control of Two Members of the Hydrocharitaceae:  Elodea and Hydrilla,J. Aquat. Plant Manag.43(2): 103-105,2005, , DNUM/4//DOSES/0.03681 to 0.06535/0.09200 to 0.15115/0.18548 to 0.30473 AI mg/L//TESTID/6//,2023-03-30 15:20,ecotox_ascii_09_15_2022
4-Nitro-3-(trifluoromethyl)phenol,88302,1030107,11276,LC50,MOR,Mortality,1.98,ul/L,NA,NA,NA,,,,,96,h,TRUE,1,NC,NC,96,h,Water,21,Cyprinus carpio,Common Carp,Animalia,Chordata,Vertebrata,Osteichthyes,Actinopterygii,Cypriniformes,Cyprinidae,Cyprinus,carpio,,,TRUE,Other,Fish,Fingerling,juvenile,FW,Fresh water,fresh water,FALSE,997,,"Marking,L.L., and L.E. Olson",Toxicity of the Lampricide 3-Trifluoromethyl-4-Nitrophenol (TFM) to Nontarget Fish in Static Tests,"Invest.Fish Control No.60, Fish Wildl.Serv., Bur.Sport Fish.Wildl., USDI, Washington, DC:27 p.",1975, , ,2023-03-30 15:20,ecotox_ascii_09_15_2022
"5H-Dibenz[b,f]azepine-5-carboxamide",298464,2032471,2051584,LOEC,GEN,Genetics,0.235,nM,NA,NA,NA,,,,,7,d,TRUE,24,7,d,7,d,Water,218,Dreissena polymorpha,Zebra Mussel,Animalia,Mollusca,,,Bivalvia,Veneroida,Dreissenidae,Dreissena,polymorpha,,,FALSE,Other,Invertebrate,Not reported,adult,FW,Fresh water,fresh water,FALSE,157699,,"Contardo-Jara,V., C. Lorenz, S. Pflugmacher, G. Nutzmann, W. Kloas, and C. Wiegand","Exposure to Human Pharmaceuticals Carbamazepine, Ibuprofen and Bezafibrate Causes Molecular Effects in Dreissena polymorpha",Aquat. Toxicol.105(3/4): 428-437,2011, , ,2023-03-30 15:20,ecotox_ascii_09_15_2022
"3-Chloro-N-[3-chloro-2,6-dinitro-4-(trifluoromethyl)phenyl]-5-(trifluoromethyl)-2-pyridinamine",79622596,2042576,2070205,LC10,MOR,Mortality,40.4,ug/L,TRUE,0.001,mg/L,,,,,96,h,TRUE,1,96,h,96,h,Water,1260,Daphnia galeata,Water Flea,Animalia,Arthropoda,Crustacea,,Branchiopoda,Diplostraca,Daphniidae,Daphnia,galeata,,,FALSE,Planktonic Invertebrate,Invertebrate,Not reported,adult,FW,Fresh water,fresh water,FALSE,158298,,"Van Wijngaarden,R.P.A., G.H.P. Arts, J.D.M. Belgers, H. Boonstra, I. Roessink, A.F.W. Schroer, and T.C.M. Brock",The Species Sensitivity Distribution Approach Compared to a Microcosm Study:  A Case Study with the Fungicide Fluazinam,Ecotoxicol. Environ. Saf.73(2): 109-122,2010, ,OTIME/OTHER DURATION REPORTED// ,2023-03-30 15:20,ecotox_ascii_09_15_2022
"3-Chloro-N-[3-chloro-2,6-dinitro-4-(trifluoromethyl)phenyl]-5-(trifluoromethyl)-2-pyridinamine",79622596,2042776,2070533,NOEC,POP,Population,179,ug/L,TRUE,0.001,mg/L,,,,,10,wk,TRUE,168,10,wk,27,d,Water,30421,Planktothrix sp.,Blue-green Algae,Monera,Cyanophycota,,,Cyanophyceae,Nostocales,Oscillatoriaceae,Planktothrix,sp.,,,FALSE,Other,Algae,Not reported,adult,FW,Fresh water,fresh water,FALSE,158298,,"Van Wijngaarden,R.P.A., G.H.P. Arts, J.D.M. Belgers, H. Boonstra, I. Roessink, A.F.W. Schroer, and T.C.M. Brock",The Species Sensitivity Distribution Approach Compared to a Microcosm Study:  A Case Study with the Fungicide Fluazinam,Ecotoxicol. Environ. Saf.73(2): 109-122,2010,"CONTR/B,C// ", ,2023-03-30 15:20,ecotox_ascii_09_15_2022
Cadmium,7440439,2103508,2189274,LOEC,GEN,Genetics,2,mg/L,TRUE,1,mg/L,,,,,72,h,TRUE,1,72,h,72,h,Water,964,Chironomus riparius,Midge,Animalia,Arthropoda,Hexapoda,,Insecta,Diptera,Chironomidae,Chironomus,riparius,,,FALSE,Other,Invertebrate,Larva,els,FW,Fresh water,fresh water,TRUE,156031,,"Nair,P.M.G., and J. Choi","Identification, Characterization and Expression Profiles of Chironomus riparius Glutathione S-Transferase (GST) Genes in Response to Cadmium and Silver Nanoparticles Exposure",Aquat. Toxicol.101(3/4): 550-560,2011, , ,2023-03-30 15:20,ecotox_ascii_09_15_2022
"6-Chloro-N,N'-diethyl-1,3,5-triazine-2,4-diamine",122349,2104737,2191538,EC50,POP,Population,392,ug/L,TRUE,0.001,mg/L,,,,,72,h,TRUE,1,72,h,24,h,Water,58471,Raphidocelis subcapitata,Green Algae,Plantae,Chlorophyta,,,Chlorophyceae,Sphaeropleales,Selenastraceae,Raphidocelis,subcapitata,,,FALSE,Other,Algae,Exponential growth phase (log),adult,FW,Fresh water,fresh water,TRUE,165277,,"Perez,J., I. Domingues, A.M.V.M. Soares, and S. Loureiro",Growth Rate of Pseudokirchneriella subcapitata Exposed to Herbicides Found in Surface Waters in the Alqueva Reservoir (Portugal):  A Bottom-up Approach Using Binary Mixtures,Ecotoxicology20(6): 1167-1175,2011,TMETH/OECD 2006 PROTOCOL 201// , ,2023-03-30 15:20,ecotox_ascii_09_15_2022
"6,7,8,9,10,10-Hexachloro-1,5,5a,6,9,9a-hexahydro-6,9-methano-2,4,3-benzodioxathiepin 3-oxide",115297,2078499,2142223,NOEC,GEN,Genetics,100,ug/L,TRUE,0.001,mg/L,,,,,168,h,TRUE,1,168,h,168,h,Water,18875,Bidens laevis,Smooth Beggarticks,Plantae,Magnoliophyta,,,Magnoliopsida,Asterales,Asteraceae,Bidens,laevis,,,FALSE,Other,Plant,Seed,NA,FW,Fresh water,fresh water,TRUE,161187,,"Perez,D.J., G. Lukaszewicz, M.L. Menone, and E.L. Camadro",Sensitivity of Bidens laevis L. to Mutagenic Compounds.  Use of Chromosomal Aberrations as Biomarkers of Genotoxicity,Environ. Pollut.159(1): 281-286,2011,"CONTR/C,V,P// ", ,2023-03-30 15:20,ecotox_ascii_09_15_2022
"2,3,4,5,6-Pentachlorophenol",87865,1321919,780907,LOEL,HRM,Hormone(s),1665,ug/L,TRUE,0.001,mg/L,,,,,20,h,TRUE,1,NC,NC,20,h,Water,206,Xenopus laevis,African Clawed Frog,Animalia,Chordata,Vertebrata,,Amphibia,Anura,Pipidae,Xenopus,laevis,,,FALSE,Other,Amphibian,"Oocyte, ova",els,FW,Fresh water,fresh water,TRUE,117111,,"Orton,F., I. Lutz, W. Kloas, and E.J. Routledge",Endocrine Disrupting Effects of Herbicides and Pentachlorophenol:  In Vitro and In Vivo Evidence,Environ. Sci. Technol.43(6): 2144-2150,2009, ," DNUM/6//DOSES/2/17/167/1665/16646 ug/L//TESTID/8//OEF/YEAST, IN VIVO EFCTS////",2023-03-30 15:20,ecotox_ascii_09_15_2022